Company_Name,Founded,HeadQuarter,Industry,About_Company,Founders,Investor,Amount,Round/Series
Krayonnz,2019,Bangalore,EdTech,An academy-guardian-scholar centric ecosystem which provides state of the art technological solutions.,"Saurabh Dixit, Gurudutt Upadhyay",GSF Accelerator,100000,Pre-seed
qZense,2019,Bangalore,AgriTech,qZense Labs is building the next-generation IoT solution for fresh food quality assessment and management.,"Rubal Chib, Dr Srishti Batra","Venture Catalysts, 9Unicorns Accelerator Fund",600000,Seed
MyClassboard,2008,Hyderabad,EdTech,MyClassboard is a full-fledged School / College Management Software.,Ajay Sakhamuri,ICICI Bank.,600000,Pre-series A
Rupeek,2015,Bangalore,FinTech,"Rupeek is an online lending platform that specializes in credit risk, gold loans, and personal loans.","Amar Prabhu, Ashwin Soni, Sumit Maniyar","KB Investment, Bertelsmann India Investments",45000000,Series C
Gig India,2017,Pune,Crowdsourcing,GigIndia is a marketplace that provides on-demand work completion for companies through a gig workforce of jobseekers.,"Aditya Shirole, Sahil Sharma","Shantanu Deshpande, Subramaniam Ramadorai",1000000,Pre-series A
Slurrp Farm,2016,Gurgaon,Food & Bevarages,Slurrp Farm is a children health food brand.,Meghana Narayan,Fireside Ventures,2000000,Series A
Shiprocket,2017,New Delhi,E-commerce,Shiprocket helps online retailers simplify their shipping by providing a delightful post purchase experience to their consumers.,"Gautam Kapoor, Saahil Goel, Vishesh Khurana","Bertelsmann India Investments, InnoVen Capital",7500000,Series C
CoinDCX,2017,Mumbai,FinTech,CoinDCX is a company that specializes in crypto-enabled financial services.,"Neeraj Khandelwal, Sumit Gupta","Coinbase Ventures, Polychain",10000000,Series B
Arya,1982,Noida,AgriTech,"""Simplifying Agribusiness"" Throughout Agri-Supply chain, FPO Market Linkages, Market Research, Implementation","Chattanathan Devarajan, Prasanna Rao, Anand Chandra",Quona Capital,21000000,Series B
Countingwell,2018,Bangalore,EdTech,"An interactive Maths app, Countingwell breaks Maths concepts into short, simple modules that get kids learning with the least amount of screen time.",Nirmal Shah,"Delhi Private School, UAE, Interstar",1000000,Pre-series A
Callify.ai,2016,Mumbai,Tech Startup,Callify.ai is a Voice-Based Candidate Screening & Engagement platform for Talent Acquisition teams.,"Chetan Indap, Sunny Sharma, Deepanti Kavi",Malpani Ventures,560000,Seed
Cover it Up,2013,Chennai,E-commerce,Online portal that churns out high quality products,Ronak Sarda,Angel investors,400000,Seed
BiteSpeed,2019,Gurgaon,E-commerce,Chat-based commerce for E-commerce brands,"Vinayak, Kshitij Abhishek, Apoorv Sadana",Whiteboard Capital,275000,Seed
WakeFit,2016,Bangalore,Retail,Wakefitkart is a mattress manufacturing company,"Ankit Garg, Chaitanya Ramalingegowda",Sequoia Capital.,20000000,Series B
PagarBook,2019,Bangalore,Software company,"Staff's Salary, Work & Attendance Management Application","Adarsh Kumar, Rupesh Mishra","Sequoia Capital, India Quotient",15000000,Series A
Infinite Uptime,2015,Pune,IoT startup,The industrial Internet platform that harnesses the power of big data & predictive analytics for data-driven decision making.,Raunak Bhinge,"Infrastructure Leasing & Financial Services Limited, Dorm Room Fund",5100000,Series B
HappyLocate,2016,Bangalore,SaaS startup,"HappyLocate is India's first One Stop Relocation Platform, transforming the way Employee Relocations are managed","Ajay Tiwari, Sainadh Duvvuru",The CoWrks Foundry,500000,Pre-series A
Loop Health,2017,Pune,HealthTech,Loop Health is bringing ease and choice to patients seeking major medical treatments.,"Mayank Kale, Ryan Singh","Y Combinator, Sierra Ventures",2300000,Seed
TagMango,2019,Mumbai,Marketing company,"TagMango is a marketing and advertising app that helps influencer, and brands to partner with individuals.","Divyanshu Damani, Mohammad Hasan","XRM Media, Kevin Lin",700000,Seed
The New Shop,2019,New Delhi,Retail startup,The New Shop is a chain of high speed retail stores,"Charak Almast, Aastha Almast, Mani Dev Gyawali",Huddle Accelerator,500000,Seed
BHIVE Investech,2014,Bangalore,Co-working Startup,BHIVE is Bangalore's (India) largest Coworking space that allows entrepreneurs to take their ideas to the next level.,"Monnappa Bayavanda, Prashant Reddy, Ravindra M.K, Ravindra M.K., Shesh Paplikar, Shesh Paplikar, Sridhar Venkataraman",Blume Ventures,1000000,Seed
Bombay Play,2017,Bangalore,Gaming startup,Bombay Play is a Card and Toy Company Making games for India.,"Abhas Saroha, Oliver Jones, Oliver Jones","Ramakant Sharma, Leo Capital India",1000000,Seed
Atomberg Technologies,2012,Mumbai,Consumer appliances,"Atomberg Technology aspires to be the ""Tesla"" of the world of household appliances","Manoj Meena, Sibabrata Das","Sandeep Tandon, Survam Partners",9000000,Series B
DealShare,2018,Jaipur,E-commerce,DealShare is a Social Commerce Startup,"Sankar Bora, Sourjyendu Medda, Vineet Rao","Falcon Edge Capital, Omidyar Network",21000000,Series C
CueMath,2011,Bangalore,EdTech,Cuemath is an engaging ‘learning-by-doing’ methodology for students with face-to-face sessions from highly-trained Cuemath teachers.,Manan Khurma,"Sequoia Capital India, CapitalG",40000000,Series C
5C Network,2014,Bangalore,HealthTech,"5C is India's first Diagnostics Network, making Radiodiagnosis more Accessible, Affordable and Accurate",Kalyan Sivasailam,"Axilor Ventures, Unitus Ventures",1200000,Pre-series A
Ethereum Push Notification Service,2020,Mumbai,Blockchain startup,EPNS is a decentralized notification protocol,"Harsh Rajat, Richa Joshi",Prolific angel investors,750000,Seed
Mihup,2016,Kolkata,Conversational AI platform,Intelligence-based personal mobile assistant app,"Biplab Chakraborty, Sandipan Chattopadhyay, Sandipan Mandal, Tapan Barman","Ideaspring Capital, Accel",1500000,Series A
WayCool Foods,2015,Chennai,AgriTech,"WayCool has adopted a tech-enabled supply chain approach to produce staples like rice, dairy, and value added products.","Karthik Jayaraman, Sanjay Dasari","FMO, IndusInd Bank",7800000,Debt
Infra.Market,2016,Thane,Real Estate,Hella Infra Market develops an online procurement marketplace intended to serve the real estate and construction materials industry.,"Aaditya Sharda, Souvik Sengupta","Trifecta Capital Advisors, Nexus Venture Partners",20000000,Series B
Clovia,2013,Noida,E-commerce,Clovia is the online lingerie retailer,"Neha Kant, Pankaj Vermani","Golden Birch Investments, She Capital",4000000,Pre-series C
Codingal,2020,Bangalore,EdTech,Coding education platform for K-12 students,"Satyam Baranwal, Vivek Prakash","Pras Hanuma, Rebright Partners, Java Capital, and GSF Accelerator.",560000,Seed
CRED,2018,Bangalore,Finance company,CRED is a members-only app that rewards the user with exclusive rewards for paying credit card bills.,Kunal Shah,"General Catalyst, Ribbit Capital",80000000,Series C
SAWO Labs,2020,Mumbai,SaaS platform,Providing Secure Authentication solutions to Apps and Websites. Eliminating Passwords and OTPs for a seamless User Experience.,Prabhat Sahu,"StartupXseed Ventures, 100X.VC",600000,Seed
GetWork,2019,Gurugram,HR Tech,GetWork is a campus recruiting platform to post your jobs and hire across dozens of colleges at once.,Rahul Veerwal,India Accelerator,40000,Pre-seed
Mobile Premier League (MPL),2018,Bangalore,Gaming,Mobile Premier League is a skill-based eSports platform used to offer cash prizes while playing games.,"Sai Srinivas Kiran G, Shubham Malhotra","Pegasus Tech Ventures, Base Partners",500000,Series B
NewsReach,2018,Gujarat,Digital Media,NewsReach India offers partner publications a digital footprint and monetisation of their content via advertisements.,"Darshan Shah, Soniya Kundnani","Mumbai Angels, JITO Angel Network.",1500000,Seed
Cashfree,2015,Bangalore,FinTech,Cashfree is a payments and banking technology company that enables businesses in India to collect payments online and make payouts.,"Akash Sinha, Reeju Datta","George Osborne, Smilegate Investment",35000000,Series B
Credgenics,2018,New Delhi,FinTech,"Credgenics is a tech-enabled platform backed by Titan Capital, helping fintech lenders and Banks in their critical NPA reduction","Anand Agrawal, Mayank Khera, Rishabh Goel","Accel India, Breadlake Ventures",3000000,Pre-series A
GeoIQ,2018,Bangalore,AI startup,"Map-based intelligent platform with single-click access to street-level location data - demographics, competitions, movements - for retail.","Devashish Fuloria, Tusheet Shrivastava, Ankita Thakur","Ankur Mittal, Mitesh Shah",300000,Seed
Country Delight,2015,Haryana,Dairy startup,Country Delight produces and distributes milk intended to provide good quality and unadulterated milk at doorstep.,"Chakradhar Gade, Nitin Kaushal","IIFL Asset Management, Matrix Partners",25000000,Series C
Quintype,2014,Bangalore,Content management,"A technology company that focus on building a suite of digital publishing solutions to simplify content creation, distribution, audience engagement",Chirdeep Shetty,IIFL AMC,3500000,Series A
CARS24,2015,Haryana,Retail,CARS24 is an India-based platform for selling used cars.,"Mehul Agrawal, Ruchit Agarwal, Vikram Chopra","Global Car Group, Freemark holdings",200000000,Series E
Cityflo,2015,Mumbai,Transportation,Cityflo is an urban transportation app that provides comfortable and economical buses for daily commute.,"Advaith Vishwanath, Ankit Agrawal, Jerin Venad, Rushabh Shah, Sankalp Kelshikar, Subhash Sundaravadivelu","Anupam Mittal, India Quotient",7000000,Series A
Credgenics,2018,Gurugram,FinTech,"Credgenics is a tech-enabled platform backed by Titan Capital, helping fintech lenders and Banks in their critical NPA reduction","Anand Agrawal, Mayank Khera, Rishabh Goel","Accel India, Breadlake Ventures",3000000,Pre-series A
Ensuredit,2019,Gurugram,FinTech,ENSUREDIT enables and empowers end customers and Insurance Intermediaries with AI-based product platforms for transformational customer experience.,"Amit, Rohit Sadhu, and Vikas Ranga",Venture Catalysts,300000,Pre-series A
Shipsy,2015,Gurugram,AI Company,Shipsy's platform enables data driven decision making enhancing visibility and operational efficiency for Supply Chain industry,"Dhruv Agrawal, Himanshu Gupta, Soham Chokshi","DTDC, Udaan Angel Partners",6000000,Series A
Yellow Classes,2020,Gurugram,EdTech,New-age fun-learning platform for kids.,"Arpit Mittal, Anshul Gupta",India Quotient,1300000,Pre-series A
Country Delight,2015,Haryana,Food and Beverages,Country Delight produces and distributes milk intended to provide good quality and unadulterated milk at doorstep.,"Chakradhar Gade, Nitin Kaushal","Orios Venture Partners, Matrix Partners India",25000000,Series C
SignalX,2018,Hyderabad,AI startup,SignalX offers an artificial intelligence-powered SaaS platform,"Govind Balachandran, Zakir Wahab, Piyush Arora","9Unicorns, 3Lines VC, Hyderabad Angels",800000,Seed
Krimanshi,2015,Jodhpur,Biotechnology company,Krimanshi aims to increase rural income by improving the productivity of Indian cattle with better quality feed.,Nikhil Bohra,"Rajasthan Venture Capital Fund, AIM Smart City",600000,Seed
Instoried,2018,Bangalore,AI startup,Instoried is an augmented writing platform which improves customer interest and engagement.,"Sharmin Ali, Sutanshu Raj","Venture Catalysts, SOSV",1000000,Pre-series A
Arata,2017,New Delhi,E-commerce,Arata is an e-commerce site for beauty products and cosmetics.,"Dhruv Madhok, Dhruv Bhasin",DSG Consumer Partners,1000000,Pre-series A
Nepra,2006,Ahmedabad,CleanTech,NEPRA Resource Management provides waste management solutions in India.,Sandeep Patel,"Asha Impact, Aavishkaar Venture Capital",18000000,Series C
MindTickle,2011,Pune,SaaS platform,MindTickle offers the industry's most comprehensive sales readiness solution for closing knowledge and skill gaps in customer-facing teams.,"Deepak Diwakar, Krishna Depura, Mohit Garg, Nishant Mungali","Canaan Partners, NewView Capital",100000000,Debt
Krimanshi,2015,Jodhpur,Biotechnology company,Krimanshi aims to increase rural income by improving the productivity of Indian cattle with better quality feed.,Nikhil Bohra,"Rajasthan Venture Capital Fund, AIM Smart City",600000,Seed
Slice,2016,Bangalore,FinTech,Slice is a card for first-time credit card users. They are inventing the future of finance for young Indians,"Deepak Malhotra, Rajan Bajaj","Better Capital, Gunosy",5000000,Debt
Rapawalk,2017,Bangalore,E-commerce,Rapawalk is an online brand that offers a personalized service of creating your own shoes.,"Kashif Mohammad, Aravind Maddireddy","Sanjay Ramakrishnan, Ravi Garikipati",300000,Seed
Clientjoy,2013,Gujarat,SaaS startup,Client Management Software For Modern Agencies.,"Abhishek Doshi, Anupama Panchal, Shashwat Bhatt, Yash Shah","LetsVenture, Jyotsna Bapat",800000,Pre-series A
MoooFarm,2019,Gurugram,AgriTech,MoooFarm is an information technology company that bridges the technology gap to help marginalized dairy farmers.,"Param Singh, Aashna Singh, Abhijeet Mittal, Jitesh Arora","Navus Ventures, Rockstart",500000,Pre-seed
BitClass,2020,Bangalore,PaaS startup,BitClass is a PaaS solution which helps teachers set up their independent live classes,"Gunjan Kejriwal, Utsav Tiwary","AET Japan, Figure Eight Investments, Waterbridge Ventures",2000000,Seed
Gonuts,2020,Mumbai,Entertainment,Personalised Video shoutouts from favourite celebrity.,"Vinamra Pandiya, Mayank Gupta, Joji George","Sweta Rau, Archana Priyadarshini",400000,Seed
Uolo,2013,Bangalore,EdTech,Uolo Technology is founded by paranoid parents who want to make a difference to preschool experience.,"Pallav Pandey, Ankur Pandey, Siddharth Singh","Rajul Garg, Purvi Capital",2000000,Seed
Kirana King,2014,"Jaipur, Rajastan",Retail,"A revolutionary idea of standardization, digitization & centralization to traditional Grocery system.",Anup Kumar,Rajasthan Venture Capital Fund,900000,Pre-series A
Ather Energy,2013,Bangalore,Automobiles,Ather Energy is a manufacturer of electric scooters.,"Arun Vinayak, Swapnil Jain, Tarun Mehta",HeroMotoCorp Ltd and Sachin Bansal,35000000,Series D
Eggoz,2016,Indore,Food & Bevarages,"Eggoz is a brand of fresh and chemical-free eggs, produced in tech-enabled & nutrition-engineered deep integration partnership with farmers.","Abhishek Negi, Aditya Singh, Pankaj Pandey, Uttam Kumar","AVANA Capital, Rebright Partners",1500000,Pre-series A
CHARGE+ZONE,2018,Gujarat,EV startup,"Charge+Zone provides services in renewable energy solutions, product development, and software engineering company.","Kartikey Hariyani, Pavan Bakeri",Mumbai Angels,3000000,Pre-series A
Stones2milestones,2008,Gurugram,EdTech,Stones2milestones is India (Delhi) Based EdTech Company,"Kavish Gadia, Nikhil Saraf","Menterra Venture Advisors, Emandi Sankara Rao",2000000,Bridge
Udacity,2011,California,EdTech,"Udacity develops an online learning platform offering programs in artificial intelligence, machine learning, and robotics sector.","David Stavens, Mike Sokolsky, Sebastian Thrun","Hercules Capital, Inc.Bertelsmann",75000000,Debt
AjnaLens,2014,Thane,AR/VR startup,"AjnaLens develops AR/VR wearables primarily for the Defence, Education and enterprise customers.","Abhijit Patil, Abhishek Tomar, Pankaj Raut","Mohsin Hani Al Bahrani, MoD",1000000,Bridge
Gully Network,2019,Bangalore,E-commerce,Gully Network is a tech-enabled network of mid-sized grocery stores.,"Ajay Nain, Prateek Chaturvedi","CP Ventures, Orios Venture Partners",1200000,Pre-series A
TurboHire,2018,Hyderabad,Recruitment startup,Talent Intelligence Platform for enterprises that helps recruiters discover the right candidates for a job using a Human-like AI,"Abhishek Kabra, Aman Gour","Kia Ora Ventures, Pentathlon Ventures",1000000,Seed
Freshokartz,2016,"Jaipur, Rajastan",AgriTech,"Freshokartz provides soil data based crop and fertilisers recommendation to farmers and delivery seeds, pesticides","Chandrakanta, Rajendra Lora","Rajasthan Venture Capital Fund, Innovana Thinklabs",1000000,Pre-series A
FlexiLoans,2016,Mumbai,FinTech,"an online lending platform started with an endeavour to solve the problem that SMEs face in accessing Quick, Flexible and Adequate funds for growing their Businesses.","Abhishek Kothari, Deepak Jain, Manish Lunia, Ritesh Jain",>Vikram Sud,6000000,Debt
FreshtoHome,2015,Bangalore,E-commerce,Freshtohome is an e-commerce platform for fresh and chemical-free seafood.,Shan Kadavil,"Ascent Capital, Iron Pillar",121000000,Series C
Railofy,2019,Mumbai,Transportation,Railofy is a WL & RAC protection that enables waitlisted passengers to reach their destination at the lowest possible price.,"Rohan Dedhia, Vaibhav Saraf, Hrishabh Sanghvi","Roots Ventures, Better Capital",5000000,Seed
Teachmint,2020,Bangalore,Edtech,Teachmint is an easy to use platform for tutors to conduct unlimited live classes and manage their classrooms,"Mihir, Payoj Jain, Divyansh Bordia, Anshuman Kumar",Lightspeed India,3500000,Seed
Janani,2020,Bangalore,Fertility tech,Janani aims to make the process of infertility treatment and assisted fertilisation easier,Nilay Mehrotra,9Unicorns,200000,Pre-seed
Credgenics,2018,Gurugram,FinTech,"Credgenics is a tech-enabled platform backed by Titan Capital, helping fintech lenders and Banks in their critical NPA reduction","Anand Agrawal, Mayank Khera, Rishabh Goel","Accel, Sunder Nookala",3300000,Seed
Jumbotail,2015,Bangalore,E-commerce,"Jumbotail is solving an important problem of organising food and grocery ecosystem in India through technology, data science and design.","Ashish Jhina, Karthik Venkateswaran",Nexus Venture Partners and 23 High Networth Individuals (HNIs),11000000,Series B2
mCaffeine,2015,Mumbai,Cosmetics,"MCaffeine is a personal care brand that offers caffein-infused face, body, and hair care products.","Tarun Sharma, Vikas Lachhwani","RPSG Ventures, Amicus Capital",5000000,Series B
Pocket FM,2018,Bangalore,FM,Pocket FM is an audiobook & podcast app that brings you over 10K+ popular audiobooks.,Rohan Nayak,"Times Group, Lightspeed",5000000,Series A
Jumbotail,2015,Bangalore,Retail,Jumbotail is solving an important problem of organising food and grocery ecosystem in India,"Ashish Jhina, Karthik Venkateswaran","Nexus Venture Partners, Capria Ventures",11000000,Series B2
Origo,2010,Gurugram,AgriTech,Provider of marketing and warehousing services for agricultural commodities.,"Sunoor Kaul,",Northern Arc Capital,4000000,Debt
GetVantage,2019,Mumbai,FinTech,GetVantage is India and Southeast Asia's first fintech enabled Revenue-based financing platform.,"Amit Srivastava, Bhavik Vasa, Sachin Tagra, Sachin Tagra","Samyakth Capital, Venture Catalysts",5000000,Seed
Betterplace,2015,Bangalore,Tech platform,Developer of a digital verification platform designed to manage the semi-formal workforce.,"Saurabh Tandan, Pravin Agarwala",Jungle Ventures,10000000,Series B
Biddano,2016,Mumbai,Healthcare,India's 1st tech-enabled healthcare logistics platform.,Talha Shaikh,Windrose Capital,600000,Pre-series A
InVideo,2017,Mumbai,Video,InVideo enables you to transform your content into great videos.,"Harsh Vakharia, Pankit Chheda, Sanket Shah","Base Partners, Sequoia Capital India",15000000,Series A
Arzooo,2016,Bangalore,Retail Tech,"Retail tech platform empowering 300,000+ small retailers in electronics space to compete with big organised players and increase sales","Khushnud Khan, Rishi Raj Rathore","3Lines, Jabbar Internet Group",7500000,Series A
Hubilo,2020,"San Francisco, California, United States",Tech company,World’s smartest virtual event platform that brings Experience & Intelligence together,"Mayank Agarwal, Vaibhav Jain","Nishant Rao, Jonathan Boutelle",4500000,Seed
BASIC Home Loan,2020,Gurugram,FinTech,"A platform for automating home loans for middle and low-income households in India,",Atul Monga,Picus Capital,5000000,Seed
SUGAR cosmetics,2012,Mumbai,Cosmetics,It is a cruelty-free makeup brand providing cosmetics that is high on style and higher on performance.,"Kasuhik Mukherjee, Vineeta Singh","A91 Partners, RB Investments Pte. Ltd",2000000,Debt
Tekion,2016,"San Ramon, California",AI startup,It is a cloud-built platform with advanced machine learning and AI capabilities for a personalized and seamless consumer experience.,"Guru Sankararaman, Jay Vijayan","Alliance Ventures, Storm Ventures",150000000,Series C
EzeRx,2018,Kolkata,Medtech,Developer and manufacturer of medical devices,"Amit mandahar, Chaitali roy","Indian Oil Corporation, Krishna Chakravarty",200000,Seed
VitalTech,2018,"Plano, Texas, United States",HeathTech,"VitalTech is a develop technologies that empower patients to better care for their safety,",Anjan Panneer Selvam,Tech Mahindra,3000000,Seed
Ultraviolette Automotive,2014,Bangalore,Automobiles,Ultraviolette Automotive is a technology startup working on electric two-wheelers and energy infrastructure.,"Narayan Subramaniam, Niraj Rajmohan",TVS Motor Company,4000000,Series B
Rare Planet,2015,Kolkata,Retail startup,Rare Planet sells handicrafts made by local artisans.,"Ranodeep Saha, Vijay Kumar",Venture Catalysts,400000,Pre-series A
InnAccel,2012,Bangalore,Medtech,"A building a portfolio of novel medical devices designed, engineered, and priced for global Emerging Markets.",Siraj Dhanani,Mount Judi Ventures,1500000,Pre-series A
HobSpace,2019,Mumbai,Edtech,India's Activity Hub for Kids,"Priya Goel Sheth, Harsh Jain",Artha Venture,200000,Seed
Supplynote,2015,Noida,SaaS startup,Supplynote is India's leading procurement platform with a unique stack of SAAS and E-commerce to solve the procurement problem,"Abhishek Verma, Harshit Mittal, Kumar Kushang, Nitin Prakash","MOX, SOSV",500000,Seed
ShopUp,2017,Bangaldesh,E-commerce,"ShopUp provides easy access to B2B sourcing, last-mile logistics, digital credit, and business management solutions to small businesses.","Afeef Zaman, Ataur Rahim Chowdhury, Siffat Sarwar","Flourish Ventures, Lonsdale Capital",22000000,Series A
Dukaan,2020,Mumbai,Tech Startup,Developer of an android application designed for businesses to sell online.,"Subhash Choudhary, Suumit Shah","Lightspeed, Matrix Partners.",6000000,Seed
Satyukt,2018,Bangalore,Agri tech,An agritech company that provides business to business (B2B) agricultural data,"Sat Tomer, Yukti Gill","NABVENTURES, Social Alpha (India)",500000,Seed
TREAD,2020,Bangalore,Fitness startup,A homegrown fitness startup that aims to advance the 'Fit India' initiative by offering holistic and affordable workouts.,Dinesh Godara,"Better Capital, Kunal Shah, Gaurav Munjal",1100000,Pre-seed
Anveshan,2019,Bangalore,FoodTech,Provide quality and healthy food products,"Aayushi Khandelwal, Akhil Kansal, Kuldeep Parewa",Titan Capital,100000,Pre-seed
TeaMonk,2016,Bangalore,Food & Bevarages,India's Finest Specialty Tea company.,"Amit Dutta, Ashok Mittal","Lead Angels Network, Roots Ventures",900000,Pre-series A
Fleetx,2017,Gurugram,Tech Startup,"Fleetx is an intelligent data platform which uses AI, machine learning, sensors and predictive analytics to help fleet owners.","Abhay Jeet Gupta, Parveen Kataria, Udbhav Rai, Vineet Sharma, Vishal Mishra","Rohit Bansal, Rohan Ranavat",3000000,Pre-series B
Avataa Me,2014,Bangalore,AR platform,AVATAAR.ME is a deep-tech 3D AR platform which delivers personalized fashion discovery experience to users on mobile devices.,Gaurav Baid,Sequoia Capital India,7000000,Series A
Clair,2019,"New York, United States",FinTech,Clair is a social fintech that provides Instant Pay Access as a Service for human capital management and gig platforms.,"Alex Kostecki, Erich Nussbaumer, Nico Simko","Upfront Ventures, Walkabout Ventures",4500000,Seed
Miko,2015,Mumbai,AI startup,"Miko is an advanced robotics startup founded by three IIT Bombay post-graduates on the pillars of robotics, AI & IoT.","Chintan Raikar, Prashant Iyengar, Sneh Vaswani","Stride Ventures, YourNest Venture Capital",3000000,Pre-series B
Razorpay,2014,Bangalore,FinTech,"Razorpay is a platform that enables businesses to accept, process, and disburse payments.","Harshil Mathur, Shashank Kumar","Tiger Global Management, Sequoia Capital India",100000000,Series D
Wow! Momo,2008,Kolkata,Food Industry,Wow! Momo is a chain of fast-food restaurants that specializes in momos.,"Binod Kumar Homagai, Sagar Daryani, Shah Miftaur Rahman","Tiger Global Management, William Bissell",5000000,Debt
Pepper Content,2017,Mumbai,Content marketplace,Pepper Content is a Content-Mediation Platform that connects talented writers to organisations that require content.,"Anirudh Singla, Rishabh Shekhar","Alok Mittal, Manan Maheshwari",4200000,Series A
LIVSPACE,2014,Bangalore,Interior Design,"Livspace is an interior design startup that offers a platform that connects people to designers, services, and products.","Anuj Srivastava, Ramakant Sharma, Shagufta Anurag","Mercer Investments, Bessemer Venture Partners",4000000,Debt
Acculi Labs,2017,Bangalore,Healthcare,Acculi Labs is a clinical grade smartphone based diagnostic tool,"HariPrasath M., Rupam Das",Startup Basket.,600000,Seed
Unnati,2017,Noida,AgriTech,A helping hand to the farming community through Artificial Intelligence,"Amit Sinha, Ashok Prasad",NABVENTURES,1700000,Pre-series A
Disprz,2015,Chennai,Edtech,"Disprz is a one-of-its-kind “knowledge-tech” start-up that strives to make people knowledgeable, productive and smarter at what they do.","Kuljit Chadha, Subramanian Viswanathan","Xseed Partners, InnoVen Capital",1600000,Pre-series B
Credit Wise Capital,1994,Mumbai,FinTech,CreditWise Capital is a consumer finance company.,"Hirak Joshi, Aalesh Avlani",Venture Catalysts,6000000,Seed
Chargebee,2011,"San Francisco Bay Area, West Coast, Western US",SaaS startup,Chargebee is a PCI Level 1 certified subscription and recurring billing system for SaaS and subscription based eCommerce businesses,"KP Saravanan, Krish Subramanian, Rajaraman Santhanam, Thiyagarajan T","Accel, Steadview Capital",55000000,Series F
Ergos,2012,"Samastipur, Bihar",AgriTech,Ergos is building an integrated supply chain by setting up micro warehouses.,"Kishor Kumar Jha, Praveen Kumar","Aavishkaar Venture Capital, Chiratae Ventures",5000000,Series A
Krishitantra,2017,Hyderabad,Soil-Tech,Krishi-Tantra is an Agri-IoT startup building farm automation for controlled agricultural environment.,"Sandeep Kondaji, Vishnuprasada Bhat, Anand Bellan Raman","NABVENTURES, Omnivore",1000000,Seed
Monet Networks,2014,"Irvine, California, United States",AI startup,Monet Networks Using sentiment and non verbal cues analysis for increased engagement and real time content feedback.,Anurag Bist,"SenseAI Ventures, EvoNexus",500000,Bridge
NirogStreet,2016,Gurugram,Ayurveda tech,NirogStreet is an Ayurvedic doctor discovery and appointment booking platform where patients can easily find doctors and fix consultation.,Ram N Kumar,"Wavemaker Partners, Subho Ray",2000000,Pre-series A
GPS Renewables,2010,Bangalore,Cleantech,To solve the urban waste problem by utilising local technologies and business models.,"Mainak, Sreekrishna","Triodos, Caspian",3000000,Series A
Legal Salah,2015,Kolkata,LegalTech,Legal Salah is bringing the provision of imparting value based legal and consultancy services to the user.,CA Abhinit Singh,I2I Capitals,1000000,Seed
Coralogix,2013,"San Francisco, California, United States",SaaS startup,Coralogix is a log analytics SaaS platform that improves the delivery and maintenance process for software providers.,"Ariel Assaraf, Guy Kroupp, Lior Redlus, Yoni Farin","2B Angels, Janvest Capital Partners",25000000,Series B
ShipsKart,2018,New Delhi,E-commerce,"ShipsKart platform that streamlines the way marine stores are ordered, approved and received on board with the help of technology.","Dhruv Sawhney, Vivek Sahi, Sunny Bagla",Betatron,200000,Pre-series A
SquadStack,2014,San Francisco,Tech company,"Empowering consumer businesses to improve their sales conversions and funnel efficiency, using Artificial Intelligence & Data Science.","Apurv Agrawal, Kanika Jain, Rishabh Ladha, Vikas Gulati","Chiratae Ventures, Blume Ventures",5000000,Series A
Financepeer,2017,Mumbai,EdTech,Financepeer is an AI based peer to peer lending platform.,"Debi Prasad Baral, Naveesh Reddy, Rohit Gajbhiye, Sunit Gajbhiye","Ravi Sanghvi, PitchRight Venture",3000000,Pre-series A
Cashify,2009,Gurugram,E-commerce,Cashify.in is an e-commerce platform for reselling used electronic gadgets.,"Amit Sethi, Mandeep Manocha, Nakul Kumar","Bessemer Venture Partners, CDH Investments",10000000,Debt
Etrio,2017,Hyderabad,EV startup,"Etrio is an electric vehicle company in India with tata ace electric, Electric Tata ace HT",Deepak MV,HNIs,3000000,Series A
StayQrious,2020,Bangalore,EdTech,"Live online coding courses with social learning. Build coding skills, confident communication and leadership skills with your very own coach.","Aanand Srinivas, Avinash Anand, Shankar Ram A",Y Combinator,2000000,Seed
Sunstone Eduversity,2014,Gurugram,EdTech,India's Only Business School That Offers MBA & PGDM Programs With 100% Placement Assurance.,"Ashish Munjal, Piyush Nangru",Prime Venture Partners,3000000,Series A
Infilect,2015,Bangalore,SaaS startup,Infilect Technologies specialises in visual content intelligence by parsing large-scale visual content such as photos and videos,"Anand Prabhu Subramanian, Vijay Gabale","Mela Ventures, 1Crowd",1500000,Pre-series A
Samunnati,2014,Chennai,Agriculture,Samunnati is a financial service provider focused on agri value chains.,Anil Kumar,"responsAbility, Accel",20000000,Debt
Yummy Corp,2017,"Tangerang, Jawa Barat, Indonesia",Food Industry,"Yummy Corp is a food & beverages company that provides delicious, fresh, and creative food solutions for everyday corporate and group needs.",Mario Suntanu,"Palm Drive Capital, Amatil X Ventures",12000000,Series B
Smallcase,2015,Bangalore,FinTech,Smallcases are portfolios of stocks or ETFs created by India's top financial experts.,"Anugrah Shrivastava, Rohan Gupta, Vasanth Kamath","Sequoia Capital India, Blume Ventures",13400000,Series B
Clairvolex,2006,California,Tech Startup,Clairvolex is an IP solutions company that manages IP assets of large corporations using an IPAM model.,Manoj Pillai,"JF Mauritius SPV, IndusAge Partners",2000000,Debt
Brinton,2014,California,HealthTech,Brinton is one of the fastest growing Pharmaceutical Companies spreading its network worldwide.,Rahul Darda,"India Alternatives Private Equity Fund, Tata Capital",1300000,Debt
Infarm,2013,Berlin,AgriTech,Infarm builds and distributes highly efficient vertical farms throughout cities to grow fresh produce right in your neighbourhood.,"Erez Galonska, Guy Galonska, Osnat Michaeli","Bonnier Ventures, Hanaco Venture Capital",170000000,Series C
Zuper,2016,Seattle,SaaS startup,Zuper is a productivity suite for service businesses to mobile field workforce and automate all business operations.,Vijay Narasiman,"Gemba Capital, Gunderson Dettmer",1100000,Seed
mCaffeine,2015,Mumbai,Personal care startup,"MCaffeine is a personal care brand that offers caffein-infused face, body, and hair care products.","Tarun Sharma, Vikas Lachhwani","RPSG Ventures, Amicus Capital",2900000,Series B
Origa,2013,Andheri,FinTech,The charioteer of your growth at all times.,Shrirang Tambe,"500 Startups, ah! Ventures",2000000,Debt
MPL,2018,Bangalore,Entertainment,Mobile Premier League is the mobile e-Sports platform based in India.,"Shubham Malhotra, Sai Srinivas","Base Partners, GO Ventures",90000000,Series C
Onsitego,2010,Mumbai,Customer service company,Onsitego is a customer service company for device and appliance repairs.,Kunal Mahipal,"Accel, Zodius Capital",30000000,Series B
SmartClean,2017,Singapore,Tech Startup,SmartClean Technologies is an AI company that offers data-driven cleaning operations designed for facilities.,"Abhishek Mishra, Kush Agarwal, Lav Agarwal, Stella Hu","Seeds Capital, AIM Smart City",3400000,Pre- series A
Servify,2015,Mumbai,Service industry,Servify is a self-learning platform that provides device management services and warranty solutions.,Sreevathsa Prabhakar,"Blume Ventures, Tetrao",23000000,Series C
ShareChat,2015,Bangalore,Social media,ShareChat is a social networking and regional content platform.,"Ankush Sachdeva, Bhanu Pratap Singh, Bhanu Singh, Farid Ahsan","Lightspeed venture partners, saif partners",40000000,Pre-series C
Rephrase.ai,2018,Bangalore,AI,Rephrase.ai helps in creating high-quality videos and animations through an AI-powered visual dubbing tool.,"Ashray Malhotra, Nisheeth Lahoti, Shivam Mangla","Techstars Bangalore Accelerator, Techstars",1500000,Seed
Melorra,2015,Bangalore,Jewellery,"Buy Latest Gold, Diamond & Gemstone Jewellery Designs Online Rings, Earrings, Necklace","Saroja Yeramilli, R Krishnakumar","Shadows Holdings, Lightbox",8090000,Debt
FabHotels,2014,Gurugram,Hospitality,FabHotels is a network of 3 star budget hotels in India,"Adarsh Manpuria, Vaibhav Aggarwal","RB Investments Pte. Ltd, Goldman Sachs",1030000,Series B
EkAnek,2018,New Delhi,Tech Startup,EkAnek Networks is a new startup that is focused on building the ecosystem for new age brands in lifestyle categories,"Chandranshu Sinha, Kartik Sheth","Lightspeed India Partners, Sequoia Capital India",5040000,Edge
Cub McPaws,2018,Mumbai,AR startup,Cub McPaws is a kids clothing brand.,"Shah, Abhay Bhat",Venture Catalysts,800000,Pre-series A
Zimyo,2018,Gurgaon,HR Tech startup,Employee experience platform that empowers organizations to manage and retain great talent!,"Ajay Kadyan, Kumar Mayank","Abhishant Pant, Chiranth Patil",1500000,Seed
Moms Co,2016,Gurgaon,HealthCare,The Moms Co. creates a safe and natural formulated products for babies that are certified toxin-free,"Malika Datt Sadani, Mohit Sadaani","DSG Consumer Partners, Saama Capital",8000000,Series B
DillyHub,2018,Seoul,Publication,A service that promotes and facilitates the works of independent comic artists,Ji Cheol Ryu,"Kakao Ventures, Shinhan Capital",1400000,Seed
FPL Technologies,2019,Pune,FinTech,FPL is on a mission to re-imagine credit and payments from first principles and is building a mobile-first credit card,"Anurag Sinha, Rupesh Kumar, Vibhav Hathi","Matrix Partners India, Hummingbird Ventures",10000000,Series A
FITTR,2016,Pune,Fitness startup,Fitness Social Network & Consultation Platform that helps you achieve your Health & Fitness goals.,"Jitendra Chouksey, Sonal Singh, Jyoti Dabas, Bala Krishna Reddy, Rohit Chattopadhyay.",Surge,2000000,Pre-series A
Illumnus,2018,Pune,EdTech Startup,"An innovative EdTech startup from IITB & BITS alumni, offering B2B SaaS-based collaborative LMS for Schools and Universities","Akash Deep Singhal, Akshaya Singhal, Devashish Saxena, Gauri Dehnkar",23 High Networth Individuals (HNIs).,100000,Seed
CashKaro,2012,Gurgaon,E-commerce,Cashkaro is a coupons and cashback site rewarding customers for visiting online retailers through their site.,"Rohan Bhargava, Swati Bhargava","Ratan Tata, Kalaari Capital",10000000,Series B
Newton School,2019,Bangalore,EdTech Startup,Newton School is a platform to learn and develop skills,"Nishant Chandra, Siddharth Maheshwari",Nexus Venture Partners,650000,Seed
Airmeet,2019,Bangalore,Tech Startup,"Airmeet is an all-in-one events platform for virtual summits, meetups, and workshops that includes virtual social lounge","Lalit Mangal, Manoj Singh, Vinay Kumar Jasti","Global Founders Capital, Redpoint",12000000,Series A
Observe ai,2017,San Francisco,Tech,"Observe.AI develops a voice AI platform for contact centers, turning agents into top performers.","Akash Singh, Sharath Keshava Narayana, Swapnil Jain","01 Advisors, Steadview Capital",54000000,Series B
InCred,2016,Mumbai,Finance,"Provide loans for all your needs like personal loan for wedding, education loan, business loan",Bhupinder Singh,"Pushpak Credit, Fiscal",5000000,Debt
Toppr,2013,Mumbai,EdTech,Toppr is an Indian educational technology and online tutoring firm,"Zishaan Hayath, Hemanth Goteti","Kaizenvest, Foundation Holdings",35000000,Series D
CarTrade,2009,Mumbai,Car Trade,Buy and Sell Used Cars,Vinay Sanghi,"Pincus, JP Morgan, Temasek, March Capital",42500000,Series H
LEAD School,2012,Mumbai,EdtTech,Offers a high-end digital classroom system focused on enhancing the learning experience,"Sumeet Mehta, Smita Deorah","Westbridge Capital, Elevar Equity",28000000,Series C
Servify,2015,Mumbai,Manufacturing,"Enables top OEMs & ODMs in device distribution, sales, warranty",Sreevathsa Prabhakar,"Blume Ventures, Tetrao",11370000,Series C
Lido Learning,2019,Mumbai,EdTech,"Online classes for Std 4-9 in Math, Science, Coding, English & Leadership with top 1% tutors ?",Sahil Sheth,"BAce Capital, Madhur Deora",7500000,Series B
Apna.co,2019,Bangalore,Job portal,Can find all types of jobs from entry level to experienced people in over 60+ categories.,Nirmit Parikh,"Lightspeed India, Sequoia Capital India",8000000,Series A
Quintype Technologies,2014,Bangalore,Tech,"Building a suite of digital publishing solutions to simplify content creation, distribution",Amit Rathore,"IIFL Asset Management, Raghav Bahl",325000,Series A
Dunzo,2014,Bangalore,Tech,Order online and get free delivery from your nearby restaurants,"Kabeer Biswas, Ankur Agarwal, Dalvir Suri, Mukund Jha","Wes Schwalje, Alteria Capital",28000000,Series E
Entropik,2016,Bangalore,AI Platform,Gain insights into human emotions with AI-powered platform affect lab.,Ranjan Kumar,"IDFC-Parampara Fund, Bharat Innovation Fund",8000000,Series A
Livspace,2014,Bangalore,Home Design,Interior design marketplace that connects interior designers,"Anuj Srivastava, Ramakant Sharma","Mercer Investments, Nicholas Cator",9000000,Series D
Ultraviolette Automotive,2015,Bangalore,Automation,Industries Automotive Electric Vehicle Energy Energy Storage,"Narayan Subramaniam, Niraj Rajmohan",TVS Motor Company,410000,Series B
WinZO,2016,New Delhi,Gaming,WinZO is a mobile e-Sports gaming platform in India. It is available in 10 regional languages of India.,"Paavan Nanda, Saumya Singh Rathore","Makers Fund, Courtside Ventures",18000000,Series B
SenseHawk,2016,Bangalore,Solar SaaS,SenseHawk is a SaaS platform that helps improve processes and saves cost in the development,"Swarup Mavanoor, Rahul Sankhe","Falcon Edge Capital, SAIF Partners",5000000,Series A
Railofy,2019,Mumbai,WL & RAC protection,Enables waitlisted passengers to reach their destination at the lowest possible price if their ticket is not,"Rohan Dedhia, Vaibhav Saraf, Hrishabh Sanghvi",Chiratae Ventures.,900000,Seed
Aibono,2014,Bangalore,AgriTech,A next dimension food & farming platform that unites two ends of the food chain from growing to consuming,Vivek Rajkumar,"Menterra Venture Advisors, Rianta Capital",2000000,Pre-series A
BuildPan,2019,Indore,SaaS startup,"Buildpan helps you with continuous build, development and user feedback for iOS and Android development.","Sonal Dandotia, Shantanu S, Virendra Chouhan, Vaibhav Tiwari","Sunil Kumar Singhvi, Yusho Kawata",500000,Seed
Homelane,2014,Bangalore,Home interior services,Explore 1000's of fully customizable home interior designs.,"Rama Harinath, Srikanth Iyer","Accel Partners, Sequoia Capital, Evolvence India, JSW Ventures",8000000,Bridge
MyGlamm,2015,Mumbai,Fashion,Buy Makeup kit & Cosmetics Products from international makeup brand,Darpan Sanghvi,Bessemer Venture Partners,1000000,Series B
Aviom,2016,New Delhi,Finance,A social impact focused housing finance company catering to housing needs of customers in semi urban areas,Kajal Ilmi,"Insitor Partners, C4D Partners",682000,Debt
Flinto,2013,Chennai,EdTech Startup,Flintobox is an India-based company that produces educational activity boxes for children,"Arunprasad Durairaj, Vijaybabu Gandhi, Shreenidhi Srirangam","Sinai Ventures, Y Combinator",7000000,Pre-Series B
WayCool,2015,Chennai,Agritech startup,WayCool is a social enterprise positively impacting the lives of India's farmers,"Karthik Jayaraman, Sanjay Dasari","FMO, IndusInd Bank",5060000,Series C
YAP,2014,Chennai,API platform,Create your own stream of Neo-banking and Deposit products using our bank-grade APIs,"Madhusudanan R, Prabhu R","Jitendra Gupta, Better Capital",4050000,Series A
Big Bang Boom Solutions,2018,Chennai,Deep Tech,It aims to co-create intellectual property that can reside within the borders of the country.,"Dr. R. Shivaraman, Praveen Dwarakanath","Mumbai Angels, Defence Innovation Organisation",1050000,Series A
GUVI,2014,Chennai,EdTech Startup,Operates vernacular-language based education tech startup,Arun Prakash,"CBA Capital, Gray Matters Capital",800000,Series A
BluSmart,2019,Gurugram,Electricity,"BluSmart, an all-electric ride-hailing platform","Anmol Singh Jaggi, Punit K Goyal","Kalpavriksh, JITO Angel Network",7000000,Pre-series A
MPL,2018,Bangalore,Entertainment,Mobile Premier League (also known as MPL) is the mobile e-Sports platform,"Sai Srinivas Kiran Garimella, Shubham Malhotra","Sequoia Capital India, Times Internet",50000000,Series B
Spoonshot,2015,Bangalore,FMCG,A food science company using AI to predict consumer taste and food trends,"Kishan Vasani, Sai Sreenivas Kodur","SRI Capital, Techstars Farm to Fork Accelerator",1000000,Seed A
Groww,2016,Bangalore,FinTech,Leading Investment and Trading Platform,"Lalit Keshre, Harsh Jain, Neeraj Singh, Ishan Bansal","Y Combinator, Ribbit Capital",30000000,Series C
i3 Systems,2016,Mumbai,Insurance Tech,Transforming India's health insurance industry with its digital solutions and AI products for automation,"Dr Mallesh Bommanahal, Varzavand Batliwala","Hatanaka Yosuke, Minomiya Takeo",1050000,Pre-series A
SOAL,2017,Mumbai,EdTech,"A skill-tank nurturing students into disruptive, tech-empowered creators and future leaders","Pratik Agarwal, Raj Desai, Varsha Bhambhani","Krishnan Menon, Srinivas Kollipara",1000000,Series A-1
OckyPocky,2015,Gurugram,EdTech,Ockypocky helps kids in learning spoken english,Amit Agrawal,"SucSEED Venture Partners, ah! Ventures",400000,Seed
Hippo Video,2016,New York,Video personalization,Helps enterprise businesses achieve their marketing and sales goals through seamless video,Karthi Mariappan,"Surge, Kae Capital",4000000,Series A
Hasura,2017,San Francisco,Software Company,"Builds developer tooling products, including open source tools, backend","Tanmai Gopal, Rajoshi Ghosh","Nexus Venture Partners, Sam Lambert",25000000,Series B
Qapita,2019,Singapore,FinTech,Qapita provides digital equity management tools for private companies and startups.,"Ravi Ravulaparthi, Lakshman Gupta, Vamsee Mohan","Alto Partners, Mission Holdings",1080000,Seed
Sunday,2017,Bangkok,FinTech,An end-to-end insurance products and services provider that uses AI to offer personalized packages.,Cindy Kua,"SCB 10X, LINE Ventures",9000000,Pre-Series B
Gamezop,2015,Gurugram,Gaming,A multi-game platform,"Yashash Agarwal, Gaurav Agarwal","Powerhouse ventures, Tracxn,",4300000,Series A
Phool.co,2017,Kanpur,Biomaterial startup,They use flowers from temples across India's and create useful products such as rose incense cone,Ankit Agarwal,Kaplan Foundation,1400000,Pre-series A
IDfy,2011,Mumbai,IT,IDfy provides risk and fraud solutions,"Ashok Hariharan, Vineet Jawa","Millenna FVCI III, NB Ventures, Dream Incubator",2110000,Series A
MechMocha,2011,Bangalore,Entertainment,India's first vernacular social gaming platform,"Arpita Kapoor, Mohit Rangaraju, Shilp Gupta","Accel India, Blume Ventures, 3F Ventures, Akatsuki Inc",292000,Series A
Tracxn,2013,Bangalore,Investment,Tracxn is the research partner for Venture Capitalist,"Abhishek Goyal, Neha Singh","Saif partners, Accel partners, Sequoia capital",887000,Series B
CredoLab,2015,Singapore,Tech,AI credit scoring platform,Peter Barcak,"GB Group, Walden International",7000000,Series A
Brick&Bolt,2018,Bangalore,Construction,"A construction company doing house construction, building construction, commercial construction","Arpit Rajpurohit, Jayesh Rajpurohit","Meghna Agarwal, Navin Dhanuka",2200000,Series A
Bikayi,2019,Hyderabad,E-commerce,Provides free whatsapp integrated E-Commerce Store,"Sonakshi Nathani, Ashutosh Singla",Mantis ventures,2000000,Seed round
TrulyMadly Matchmakers,2014,Gurugram,Dating app,One of the best dating Apps in India connecting singles across the country.,Snehil Khanor,"AngelList, Inflection Point Ventures, The Chennai Angels",110000,Pre-series A
TrueFan,2020,Mumbai,Media,Enables users to play quizzes around celebrities and winners get a personalised video message from stars.,"Nimish Goel, Nevaid Aggarwal, Devender Bindal","Mayfield India, Saama Capital, Ronnie Screwvala",4300000,Seed round
Avail Finance,2017,Bangalore,Fintech,Instant online loan app,"Ankush Aggarwal, Tushar Mehndiratta","Alphawave, Matrix Partners",11635000,Series B
Virohan,2018,Gurgaon,Healthcare/Edtech,Healthcare training company,"Kunaal Dudeja, Nalin Saluja, Archit Jayaswal","Keiretsu Forum, Elea Foundation",2800000,Seed Round & Series A
LEAD School,2012,Mumbai,EdTech,Offers an integrated system for schools by helping them digitize the entire curriculum,"Sumeet Yashpal Mehta, Smita Deorah","WestBridge Capital, Elevar Equity",28000000,Series C
Trell,2016,Bangalore,Social e-commerce,Allows users to share their travel experiences,"Pulkit Agrawal, Prashant Sachan, Arun Lodhi, Bimal Kartheek Rebba, Nirav Sheth","KTB Network, Samsung Ventures, Ankur Nagpal, Gokul Rajaram, Vineet Buch",11000000,Series A
Captain Fresh,2019,Bangalore,Food & Logistics,Sea food Supply chain,Utham Gowda,Ankur Capital,2300000,Pre Series A
Pixxel,2019,Bangalore,SpaceTech,Indian Earth observation startup,"Kshitij Khandelwal, Awais Ahmed","Lightspeed India Partners, Blume Ventures, GrowX ventures",5000000,Seed round
SmarterBiz,2014,Bangalore,Tech,An end-to-end CX platform enabled with the gig workforce,"Rajesh Bernard, Vijay Krishna, Prateek Mehta","StartupXseed Ventures, Bhaskar Pramanik, MJ Aravinf, Ravi Viswanath, Ramesh Radhakrishnan, Ranjan Biswas, MJ Aniketh.",1065000,Pre Series A
Masai School,2019,Bangalore,EdTech,It trains tech aspirants in full stack wed and android development,"Prateek Shukla, Nrupul Dev, Yogesh Bhat","Unitus Ventures, India Quotient, AngelList India",2500000,Series A
LendingKart,2014,Ahmedabad,Fintech,Provides working capital loans and business loans to MSMEs,"Public banks, Private lenders","Fullerton Financial Holdings, Bertelsmann India Investments, Sistema Asia Fund, IndiaQuotient",16076000,Series D
Text Mercato,2015,Bangalore,,Cataloguing startup that serves ecommerce platforms,"Kiran Ramakrishna, Subhajit Mukherjee",1Crowd,649600,Series A
GrayQuest,2017,Mumbai,EdTech,Enables parents to pay their annual education fees in up to 12 monthly installments,Rishab Mehta,Foundation Holdings,1000000,Pre Series A
BigHaat,2015,Bangalore,Agritech,Agri-inputs ecommerce player,"Sateesh Nukala, SachinNandwana","Ankur Capital, Beyond Next Ventures",2000000,Pre Series A
CityCash,2017,Mumbai,Fintech,Focusses on creating a transit led micro-payments ecosystem,Vineet Toshniwala,Orios Venture Partners,1000000,Seed round
HomeLane,2014,Chennai,Interior design,Provides interior designing solutions,"Srikanth Iyer, Rama Harinath","Evolvence India Fund (EIF), Pidilite Group, FJ Labs",1000000,Series D
HungerBox,2015,Bangalore,Foodtech,"Offers B2B tech platform to corporates, aimed at improving the operations of their cafeterias","Sandipan Mitra, Uttam Kumar",IIFL Income Opportunities Fund,6700000,Series C
Eduvanz,2016,Mumbai,Fintech,Digital finance NBFC that provides affordable education loans,"Varun Chopra, Raheel Shah",Sequoia India,5000000,Series A
DocSumo,2019,Mumbai,AI,Platform helps to automate and analyse financial data,"Rushabh Sheth, Bikram Dahl","Better Capital, TechStars, Barclays.",220000,Seed round
Chingari,2018,Bangalore,Media,Short video platform,"Biswatma Nayak, Siddharth Gautam","AngelList India, Utsav Somani, Village Global, LogX Ventures, Jasminder Singh Gulati",1300000,Seed round
Rebel Foods,2011,Mumbai,Food tech,Cloud kitchen platform,"Jaydeep Barman, Kallol Bannerjee",Coatue Management,26500000,Series E2
Hevo,2017,Bangalore,Tech,Data pipeline startup,"Manish Jethani, Sourabh Agarwal","Qualgro, Lachy Groom",8000000,Series A
BigSpoon Foods,2019,Ahmedabad,Foodtech,Cloud kitchen startup,"Kapil Mathrani, Rohan Bhatt, Poojan Thakkar","Urmin Family Office, Lemonade Ventures, TrueValue Group MD Yash Shah",2000000,Pre series A
Toppr,2013,Mumbai,Edtech,It provides AI-based after school learning app for K12,Zishaan Hayath,Foundation Holdings,46761000,Series D
Pickright Technologies,2019,Bangalore,Fintech,Marketplace for stock market investors and advisors,"Archana Elapavuluri, Namandeep Bhatia, Siddharth Panjwani","Sanjay Mehta, Vikram Pandya, Gaurav Gupta, Vivel Srivatsav, Madhavi Bollipalli, Srinivas Paanem, Satish Bogullu",175000,Seed Round
Entri,2017,Kochi,Edtech,Local language learning startup,Mohammed Hisamuddin,Good Capital,1700000,Pre series A
Ather Energy,2013,Bangalore,Automobile,Electric scooter manufacturer,"Tarun Mehta, Swapnil Jain",Hero MotoCorp,11241000,Series C
Vegrow,2020,Bangalore,Agritech,It is building an asset-light farm by partnering with small farms on a profit-sharing model,"Praneeth Kumar, Shobhit Jain, Mrudhukar Batchu, Kiran Naik","Matrix Partners India, Ankur Capital",2500000,Seed Round
StyleDotMe,2014,Gurugram,Fashion Tech,"mirrAR, helps jewellers sell jewellery with no physical inventory","Meghna Saraogi, Akhil Tolani",Survam Partners,467000,Pre series A
Vedantu,2011,Bangalore,Edtech,Onine learning platform,"Saurabh Saxena, Pulkit Jain, Anand Prakash, Vamsi Krishna",Coatue,100000000,Series D
Magicpin,2015,Gurugram,,"It is a local discovery, rewards, and commerce platform","Anshoo Sharma, Brij Bhushan",Samsung Venture Investment Corporation,7000000,Series D
Yumlane,2016,Mumbai,Cloud Kitchen,Online retailer that offers a range of on-the-go hot snacking and meals,Hitesh Ahuja,Jetty Ventures,1000000,Pre series A
Plum,2019,Bangalore,Healthtech,Provides health benefits to corporates,"Abhishek Poddar, Saurabh Arora",Incubate Fund,927000,Seed Round
IncNut Digital,2011,Hyderabad,Ecommerce,Owns and Operates two women-centric digital media platforms -- Stylecraze.com and Momjunction.com,"Chaitanya Nallan, Sangram Simha, Veerendra Shivhare",RPSG Ventures,4000000,Series A
GigIndia,2017,Pune,Tech,Marketplace that provides on-demand work completion for companies through workforce of jobseekers,"Sahil Sharma, Aditya Shirole",Incubate Fund India,971000,Pre series A
Cuemath,2013,Bangalore,Edtech,It helps students to learn math online,Manan Khurma,Trifecta Capital,2888000,Series B
Blue Sky Analytics,2018,Gurugram,Data Intelligence,"It is building AI-powered infrastructure to analyse air quality, pollution etc","Abhilasha, Kshitij Purwar","Beenext, Rainmatter CApital Pvt Ltd, Stanford Angels & Entrepreneurs",1200000,Seed Round
Decentro,2020,Bangalore,Fintech,Automated API-based platform that enables financial integrations.,Rohit Taneja,Y Combinator,15500000,Series A
Zolostays,2015,Bangalore,Co-living,It offers affordable housing apartments to young professionals and students,"Akhil Sikri, Nikhil Sikri, Sneha Choudhry","Investcorp, Nexus Venture Partners, Mirae Assets, Trifecta Capital",56000000,Series C
Frontier Markets,2011,Jaipur,Ecommerce,Women entreprenuers sells products and services to rural India,Ajaitha Shah,"ENGIE RAssembleurs d'Energies, The Rise Fund, and The Singh Family Trusts,Teja Ventures, Beyond Capital Fund.",2250000,Pre series A
Aye Finance,2014,Gurugram,Fintech,A finance lender to SMEs,"Vikram Jetley, Sanjay Sharma",Invest in Vision,16753000,Series E
Inspektlabs,2019,Delhi,AI,Focuses on building computer vision products for physical asset inspections,"Devesh Trivedi, Sanchit","Better Capital, Titan Capital",600000,Pre series A
Big Bang Boom Solutions,2018,Chennai,Defense tech,It developed integrated intellectual properties for defense,"Praveen Dwarkanath, Dr. Shivaraman Ramaswamy",Mumbai Angels Network,1000000,Series A
Flinto,2013,Chennai,Edtech,It is an educational subscription-box focussed at activity-based learning for the ages 2-12,"Vijay Babu Gandhi, Shreenidhi Srirangam, Arunprasad Durairaj",Lightbox Ventures,7200000,Pre series B
Zetwerk,2018,Bangalore,Marketplace,B2B marketplace that connects manufacturing companies for industrial equipements,"Amrit Acharya, Srinath Ramakkrushnan, Vishal Chaudhary",Greenoaks,21000000,Series C
ChitMonks,2016,Hyderabad,Fintech,Offers enterprise private platform for chit fund firms,Pavan Adipuram,Unicorn India Ventures,650000,Pre series A
High Street Essentials,2012,New Delhi,Ecommerce,The parent company of women's fashion brands FabAlley and Indya,"Shivani Poddar, Tanvi Malik","SAIF Partners, India Quotient",2743000,Pre series C
Slice,2016,Bangalore,Fintech,A financial platform for youngsters,Rajan Bajaj,Gunosy,6082000,Pre series B
Aye Finance,2014,Gurugram,Fintech,A finance lender to SMEs,"Vikram Jetley, Sanjay Sharma","Capital G, Alphabet's Independent growth fund",27700000,Series E
Instasolv,2019,Noida,Edtech,It is a doubt-solving app for students from Class 6 to 12,"Aditya Singhal, Nishant Sinha, Bahul Arora",Undisclosed,2000000,Pre series A
Jai Kisan,2017,Mumbai,Fintech,A platform that caters the need of customers in rural areas,"Arjun Ahluwalia, Adriel Maniego","Arkam Ventures, Nabventures",3937000,Pre series A
Waycool,2015,Chennai,Agritech,Food development and distribution services,"Karthick Jayraman, Sanjay Dasari",Induslnd Bank,5500000,Series C
HealthPlix,2016,Bangalore,Healthtech,It provides clinical software for doctors,"Raghuraj Sunder Raju, Prasad Basavaraj, Sandeep Gudibanda","JSW Ventures, Chiratae Ventures, Kalaari Capital",6000000,Series B
YoloBus,2019,Gurugram,Mobility/Transport,Intercity bus service startup,"Shailesh Gupta, Mukul Shah",Nexus Venture Partners,3300000,Series A
Pocket52,2017,Bangalore,Gaming,An online poker playing platform,Nitesh Salvi,Gameskraft,1750000,Series A
Wooden Street,2015,Jaipur,Ecommerce,It enables to order custom furniture online,"Lokendra Ranawat, Dinesh Pratap Singh, Virendra Ranawat, Vikas Baheti",IAN Fund,3000000,Series A
BankBazaar,2008,Chennai,Fintech,Online marketplace that gives customers instant customised offers on loans and credit cards,"Adhil Shetty, Arjun Shetty, Rati Shetty,",WSV Capital,5967000,Series D1
Cube Wealth,2018,Mumbai,SaaS,A digital wealth management services,"Satyen Kothari, Beenext, Asuka Holding","Beenext, Asuka Holding",500000,Mid series
IVF Access,2019,Bangalore,Healthtech,It provdes IVF treatments,"Naresh Rao, Nikhil Rajmohan, Harinath Chakravarthy, Pravin Sethuraman",Vertex Ventures SEA & India,5000000,Series A
Hoi Foods,2017,Delhi,Foodtech,Quality food solution,Indrajeet Roy,Crowd Fund,2000000,Pre series A
LendingKart,2014,Ahmedabad,Fintech,Provides working capital loans and business loans to MSMEs,"Harshvardhan Lunia, Mukul Sachan","Fullerton Financial Holdings, Bertelsmann India Investments, Sistema Asia Fund, IndiaQuotient",11363000,Series D
Eggoz,2017,Bihar,Agritech,"Provides technology backed, deep integration services to egg farmers",Uttam Kumar,"Tracxn Labs, Angellist, Tri-Deep Capital",329000,Seed Round
Intello Labs,2016,Gurugram,"Supply chain, Agritech",Standardisation and Quality control of fruits & vegetables,"Milan Sharma, Nishant Mishra, Himani Shah, Devendra Chandani",Saama Capital,5900000,Series A
SirionLabs,2012,Gurugram,SaaS,"Provides procurement, outsourcing services & contract management software",Ajay Agrawal,"Tiger Global, Avatar Growth Capital",44000000,Series C
Refrens,2019,Bangalore,SaaS,"Offers a free invoicing, payments and expense management system","Naman Sarawagi, Mohit Jain","Vijay Shekhar Sharma, Anupam Mittal",1000000,Seed Round
Vernacular ai,2016,Bangalore,AI,It offers Multiligual AI platform,"Gupta, Akshay Deshraj, Manoj Sarda","Exfinity Ventures, IAN Fund",5100000,Series A
Rooter,2016,Delhi,Gaming,Live sports engagement platform,"Piyush, Dipesh Agarwal","Paytm, leAD Sports, Rockstud Capital, Founder Bank Capital",1700000,Pre series A
Pratilipi,2014,Bangalore,Media,A digital platform that connects readers and writers in various languages,"Ranjeet Pratap Singh, Sankaranarayanan Devarajan, Sahradayi Modi, Rahul Ranjan, Prashant Gupta",Tencent,9400000,Series C
Classplus,2008,Delhi,Edtech,"It provides mobile-first software for coaching institutes, tuition centres and private tutors","Mukul Rustagi, Bhaswat Agarwal",RTP Global,8200000,Series B
MYSUN,2015,Delhi,Tech,Platform for rooftop solar energy solutions,"Gagan Vermani, Divyanshu Sachdev, Gyan Prakash Tiwari",Undisclosed,4257000,Pre series A
Convosight,2019,Hyderabad,Data Analytics,It helps business gain insights from its community on Facebook groups,"Tarun Dhamija, Kartik Bansal","IvyCap Ventures, Sequoia Capital",4000000,Pre series A
Bira91,2015,Bangalore,Beverage,Craft beer maker,Ankur Jain,"Sequoia Capital, Sofina",20000000,Series C
Guvi Geek Network Pvt Ltd,2014,Chennai,Edtech,Operates vernacular-language based education,"SP Balamurugan, Arun Prakash, Sri Devi",Education Catalyst Fund,786000,Pre series A
LoadShare,2017,Bangalore,Logistics,Provides technology based solutions to SMEs in logistics,"Raghuram Talluri, Tanmoy Karmakar, Rakib Ahmed",CDC Group,2004000,Series B
Spintly,2017,Goa,IoT,It is a wireless cloud-based access control system,"Rohin Parkar, Malcolm Dsouza",Saltwater Venture Sparks,248000,Pre series A
Aavenir,2019,Ahmedabad,SaaS,Source-to-Pay Software,Ashish Bhandari,Accel,2000000,Seed Round
BankBazaar,2008,Chennai,Fintech,Online marketplace that gives customers instant customised offers on loans and credit cards,"Adhil Shetty, Arjun Shetty, Rati Shetty,","Amazon, Sequoia, Walden SKT Venture Fund",3800000,Series D
Porter,2014,Mumbai,Logistics,Logistics and fleet management,"Pranav Goel, Uttam Digga",Lightstone Global Funds,18370000,Series D
Capital Float,2013,Bangalore,Fintech,Online platform that provides working capital finance to SMEs,"Gaurav Hinduja, Sashank Rishyasringa","Amazon Inc`, Dinesh J Hinduja",4800000,Series F
Swiggy,2014,Bangalore,Foodtech,Platform to order food online from restaurants and getting it delievered,"Nandan Reddy, Sriharsha Majety, Rahul Jaimini","Tencent, Ark Impact, Korea Investment Partners, Samsung Ventures, Mirae Asset Capital Markets",43000000,Series A
Fingpay,2016,Mumbai,Fintech,Provides payment solutions,"Pratyush Halen, Anuraag Agrawal",IvyCap Ventures,3500000,Series A
Recko,2017,Bangalore,SaaS,The platform enables AI-powered reconciliation of digital transactions,"Prashant Border, Saurya Prakash Sinha",Vertex Ventures,6000000,Series A
Kitchens Centre,2019,Delhi,,Offers solutions to cloud kitchens by providing commercial space and kitchen infrastructure to assisting with branding and other services,Lakshay Jain,AngelList India,500000,Seed Round
MedGenome,2013,Bangalore,Healthtech,Genetic diagnostic testing company,Sam Santhosh,LeapFrog Investments,55000000,Series D
CureFit,2016,Bangalore,Health and Fitness,"Integrated platform for food, fitness and meditation.","Mukesh Bansal, Ankit Nagori",Temasek,115000000,Series D
Imstrong,2019,Bangalore,Fitness,It is an online and live video-streaming platform that allows trainers and fitness enthusiasts to connect and engage in interactive online classes.,"Dilip Kumar, Selvan Thamarai, Deepti Nair",Rainmatter,400000,Seed Round
Shadez,2018,Mumbai,Interior & decor,Paint Company,"Adarsh Anand, Amit Tiwari",Inflection Point Ventures,100000,Seed Round
Stanplus,2016,Hyderabad,Healthtech,Ambulance service,Prabhdeep Singh,Pegasus FinInvest,1500000,Pre series A
CoreStack,2016,Chennai,Technology,Enterprise cloud governance technology startup,"Ezhilarasan Natarajan, Sabapathy Arumugam, Krishnakumar Narayanan, Thiruvalluvar NB",Naya Ventures,8500000,Series A
Vivriti Capital,2017,Chennai,Fintech,Digital lending startup,"Gaurav Kumar, Vineet Sukumar",LGT Lightstone Aspada,50000000,Series B
ZunRoof,2016,Gurugram,Cleantech,"It specialises in solar rooftop design, installation, and management using technology","Pranesh Chaudhary, Sushant Sachan",Godrej Investments,3000000,Series A
Strata,2019,Bangalore,Proptech,Real estate investment platform,"Sudarshan Lodha, Priyanka Rathore","SAIF Partners, Mayfield India",1500000,Seed Round
Tricog,2015,Bangalore,Healthtech,Provides virtual cardiology services through its AI-powered healthcare platforms,"Charit Bhograj, Zainul Charbiwala, Udayan Dasgupta, Abhinav Gujjar","UTEC-The University of Tokyo Edge Capital, Aflac Ventures, LLC, Dream Incubator, TeamFund",10500000,Series B
Trell,2016,Bangalore,Social e-commerce,Allows users to share their travel experiences,"Pulkit Agrawal, Prashant Sachan, Arun Lodhi, Bimal Kartheek Rebba, Nirav Sheth","Sequoia’s Surge, Fosun RZ",4000000,Pre series A
Chqbook,2017,Gurugram,Fintech,"Marketplace for small business owners, offering them products around lending, credit cards etc","Vipul Sharma, Rajat Kumar, Sachin Arora, Mohit Goel",Aavishkaar Capital,5000000,Series A
SMEcorner,2014,Mumbai,Fintech,Financial lending firm to SMEs,"Bhatia, Sneha Shah",Paragon Partners,30000000,Series B
Spinny,2015,Haryana,E-tail,Used car retailing platform,"Niraj Singh, Mohit Gupta, Ramanshu Mahuar","Nandan Nilekani, Sanjeev Aggarwal",43700000,Series B
Vogo,2016,Bangalore,Automotive,A scooter-sharing platform allowing users to rent a two-wheeler from specific designated pick up points,"Anand Ayyadurai, Padmanabhan Balakrishnan, Sanchit Mittal",Lightstone Aspada,20000000,Series C
Josh Talks,2015,Haryana,Media,Community of young individuals providing a platform to showcase their stories,"Supriya Paul, Shobhit Banga",Media Development Investment Fund,1500000,Pre series A
AjnaLens,2014,Thane,Deeptech,"It leverages technologies such as AR, VR & AI to offer hardware in areas such as education and defence","Pankaj Raut, Abhishek Tomar, Abhijit Patil","Maharashtra Defence, Aerospace Venture Fund (MDAVF)",1500000,Pre series A
Pepper,2017,Mumbai,Content Marktplace,End to end content creation platform,Anirudh Singla and Rishabh Shekhar,"Kunal Bahl, Rohit Bansal",306900,Seed funding
iMerit,2012,Kolkata,IT,Turns information into data that is usable for machine learning processes,Radha Basu,CDC Group Plc,20000000,Series B
BharatPe,2018,Delhi,Fintech,Digital payments platform,Ashneer Grover,Ribbit Capital,75000000,Series C
Go Desi,2018,Delhi,Foodtech,Provides traditional delicacies,Vinay Kothari,Rukam Capital,627300,Seed Round
Swiggy,2014,Bangalore,Foodtech,Platform to order food online from restaurants and getting it delievered,"Nandan Reddy, Sriharsha Majety, Rahul Jaimini",Prosus N.V,113000000,Series A
Whatfix,2014,Banglore,SaaS,"Digital adoption platform that helps companies provide intuitive onboarding, training and support","Khadim Batti, Vara Kumar",Sequoia Capital India,32000000,Series C
Unacademy,2010,Bangalore,Edtech,Platform that offers online education in India,"Gaurav Munjal, Roman Saini, Hemesh Singh","Facebook, General Atlantic, Sequoia India, Nexus Venture Partners, Steadview Capital, Blume Ventures",110000000,Series E
Yolo,2019,Gurugram,Transport,Intercity transportation,"Shailesh Gupta, Mukul Shah, Danish Chopra",Undisclosed,600000,Seed funding
MaxWholesale,2016,Delhi,Ecommerce,B2B ecommerce platform for kirana stores,Samarth Agrawal,"IAN Fund-I,  Al Falaj Investment Company (AFI)",3000000,Series A
Shuttl,2015,Delhi,Transport,App based bus aggregator serice,"Amit Singh, Deepanshu Malviya",SIG Global India Fund,7975700,Series C
CodingNinjas,2016,Delhi,Edtech,Online learning platform,"Singla, Kannu Mittal, Dhawal Parate",Info Edge Ltd,5200000,Series A
Furlenco,2011,Bangalore,Ecommerce,Furniture rental startup,Ajith Mohan Karimpana,Chowdry Associates,2200000,Series C
Brick&Bolt,2018,Bangalore,,Operates in the residential construction space,"Jayesh Rajpurohit, Arpit Rajpurohit",Surge,1500000,Pre series A
Pepperfry,2013,Mumbai,E-market,Online home furniture marketplace,"Ambareesh Murty, Ashish Shah",Pidilite Industries,40000000,Series F
FirstCry,2010,Pune,E-market,Baby products marketplace,"Supam Maheshwari, Amitava Saha",Softbank’s Vision Fund,296000000,Series E
Waycool,2015,Chennai,Agritech,Food development and distribution services,Karthick Jayraman and Sanjay Dasari,LightBox Ventures,32000000,Series C
SuperMoney,2018,Mumbai,Fintech,Provides financial tools for effective business making,Nikhil Banerjee,Unitus Ventures.,1000000,Pre series A
Entri,2017,Kochi,Edtech,It is a app that provides different types of learning content in local languages,"Mohammed Hisamuddin, Rahul Ramesh",Good Capital,1400000,Seed Round
Doubtnut,2017,Gurugram,Edtech,Multi-lingual digital solutions platform for students,"Tanushri Nagori, Aditya Shankar",Tencent,15000000,Series A
Kisan Network,2015,Gurugram,Agritech,Integrated supply chain for farmers to sell their produce directly to buyers,"Aditya Agarwalla, Sanjay Agarwalla",Atsushi Taira,3000000,Seed Round
Vogo,2016,Bangalore,Automotive,A scooter-sharing platform allowing users to rent a two-wheeler from specific designated pick up points,"Anand Ayyadurai, Padmanabhan Balakrishnan, Sanchit Mittal",Lightstone Aspada,35000000,Series C
Yolo,2019,Gurugram,Transport,Intercity transportation startup,"Shailesh Gupta, Mukul Shah, Danish Chopra",Undisclosed,600000,Seed Round
WizKlub,2018,Bangalore,Edtech,Helps students solve problems at complex level,Amit Bansal,Incubate Fund India,982530,Seed Funding
Interviewbit,2014,Pune,Edtech,Platform that provides coding and interview preparation course by industry professionals from tech companies,Abhimanyu Saxena,"Tiger Global Management, Sequoia Capital India, Singapore’s Economic Development Board (EBD)",200000000,Series A
Bizongo,2015,Mumbai,Marketplace,A B2B marketplace for packaging materials,"Sachin Agarwal, Aniket Deb, Ankit Tomar",Schroder Adveq,30000000,Series C
AppsFlyer,2011,Bangalore,SaaS,Mobile marketing analytics and attribution platform,"Oren Kaniel, Reshef Mann",General Atlantic,210000000,Series D
Livspace,2014,Bangalore,Interior Design,It offers end-to-end home design experience for homeowners and home designers,"Anuj Srivastava, Ramakant Sharma, Shagufta Anurag","Tahoe Investment Group, Mercer Investment",60000000,Series D
Samosa Singh,2016,Bangalore,Food,Offers hygienic Indian Snacks,"Shikhar Veer Singh, Nidhi Singh",She Capital,2700000,Series A
Crysta,2018,Delhi,Healthtech,Offers diagnostic and screening services with regular counselling and clinical data management,,"Green Shots Capital, Alfa Ventures, Real Time Venture, Petrotech, Steel City Securities, Lalit Wadhwa, Dr Kriti Maroli",1403400,Pre Series A
Eupheus Learning,2017,New Delhi,Edtech,"Provides technology-led, subscription-based learning solutions to schools","Sarvesh Shrivastava, Ved Prakash Khatri, Amit Kapoor",Yuj Ventures,4300000,Series A
Bounce,2014,Bangalore,Automotive and Rentals,Offers a variety of bikes and scooters that can be rented on a subscription basis,"Vivekananda Hallekere, Anil Giri Raju,Arun Agni","Accel Partners, B Capital",105000000,Series D
Goodmylk,2017,Bangalore,Dairy,Provides Vegan dairy products,Abhay Rangan,"Ginni International, Elisa Khong, Sandeep Singh, VegInvest",400000,Seed Round
Zoomcar,2013,Bangalore,Transport & Rentals,A car rental service platform,"Greg Moran, David Back",Sony Innovation Fund,30000000,Series D
Mera Cashier,2019,Noida,Fintech,App meant for small and micro businessmen to manage their transactions digitally,"Suneel Kumar, Sucharita Reddy, Gaurav Tomar, Akhilesh Nigam,","Amit Singal, Manish Aggarwal",250000,Seed Round
Bounce,2014,Bangalore,Automotive and Rentals,Offers a variety of bikes and scooters that can be rented on a subscription basis,"Vivekananda Hallekere, Anil Giri Raju,Arun Agni","Accel Partners, B Capital",97500000,Series D
Zinier,2015,Bangalore,Automation,Provides intelligent field service automation,Arka Dhar,ICONIQ Capital,90000000,Series C
ProEves,2016,Delhi,Preschool Daycare,"Provides tech-enabled, end-to-end childcare support solutions for corporate and retail consumers","Divya Agarwal, Ketika Kapoor",1Crowd,507000,Seed Round
Ninjacart,2015,Bangalore,B2B Agritech,Online grocery delivery platform,"Thirukumaran Nagarajan, Sharath Loganathan, Sachin Jose, Kartheeswaran KK, Vasudevan Chinnathambi","Flipkart India, Singapore-based GEC3",10000000,Series C
Wysh,2019,Hyderabad,E-connect,Celebrity engagement and wishing platform,"Mahesh Gogineni, Varun MS, Manan Maheshwari",Kalaari Capital,2000000,Series A
Keito,2016,Pune,AI,Enterprise productivity startup,Amal PS,Suma Soft Pvt Ltd,160000,Seed Round
HighRadius,2016,Hyderabad,SaaS,"An AI-based platform, to automate accounts receivables and treasury processes.",Sashi Narahari,ICONIQ Capital,125000000,Series B
Rivigo,2014,Gurugram,Logistics,"It offers delivery services across India to retail, e-commerce, pharmaceutical, automobile and FMCG companies","Deepak Garg, Gazal Kalra",Trifecta Capital,3400000,Series F
GoMechanic,2016,Delhi,Automobile Technology,Find automobile repair and maintenance service providers,"Amit Bhasin, Kushal Karwa, Nitin Rana, Rishabh Karwa","Chiratae Ventures, Sequoia Capital, Orios Venture Partners",14700000,Series B
Fashor,2017,Chennai,Fashion,Women’s fashion and apparel,"Vikram Kankaria, Priyanka Kankaria",Sprout venture partners,1000000,Pre Series A
Shuttl,2015,Delhi,Transport,App based bus aggregator serice,"Amit Singh, Deepanshu Malviya",SIG Global India Fund LLP.,8043000,Series C
Pando,2017,Chennai,Logitech,Networked logistics management software,"Jayakrishnan, Abhijeet Manohar",Chiratae Ventures,9000000,Series A
